{"skeleton":{"hash":"c8uRGlJ6OOaVzw4yXMJ8ucOZyU0","spine":"3.8.99","x":-658.54,"y":-312,"width":1281.81,"height":632.42,"images":"./images/","audio":""},"bones":[{"name":"root"},{"name":"bone5","parent":"root","x":-238.15,"y":281.58},{"name":"bxx3","parent":"root","x":-408.27,"y":-250.18,"scaleX":0.9103,"scaleY":0.9103},{"name":"fx","parent":"root","rotation":180,"x":-416.38,"y":-186.64,"color":"d531ffff"},{"name":"lizi2","parent":"bxx3","x":-0.97,"y":97.75,"scaleX":0.8331,"scaleY":0.8331},{"name":"lizi3","parent":"bxx3","x":-75.54,"y":66.89,"scaleX":0.6201,"scaleY":0.6201},{"name":"lizi5","parent":"bxx3","x":118.6,"y":34.83,"scaleX":-0.72,"scaleY":0.7877},{"name":"xx3","parent":"fx","rotation":124.43,"x":201.04,"y":69.05,"color":"e13effff"},{"name":"xx4","parent":"fx","rotation":124.43,"x":201.04,"y":69.05,"color":"e13effff"},{"name":"xx5","parent":"fx","rotation":124.43,"x":201.04,"y":69.05,"color":"e13effff"},{"name":"all","parent":"root"},{"name":"all2","parent":"all","length":68.86,"rotation":90,"x":-398.38,"y":-212.34},{"name":"all3","parent":"all2","rotation":-90,"x":-7.8,"y":65.14},{"name":"all4","parent":"all2","rotation":-90,"x":-8.66,"y":-61.71},{"name":"all5","parent":"all","length":18.77,"rotation":147.85,"x":-546.67,"y":-33.46},{"name":"all6","parent":"all","length":24.43,"rotation":48.01,"x":-247.94,"y":-36.64},{"name":"all7","parent":"all2","length":44.24,"x":110.83,"y":-4.42},{"name":"all8","parent":"all7","length":26,"rotation":153.06,"x":-20.86,"y":2.5},{"name":"all9","parent":"all7","length":14.36,"rotation":-162.28,"x":0.42,"y":-19.54},{"name":"bone","parent":"root","length":52.09,"rotation":110.96,"x":-240,"y":-296.52}],"slots":[{"name":"zt7","bone":"all","attachment":"zt7"},{"name":"zt6","bone":"all2","attachment":"zt6"},{"name":"zt3","bone":"all7","attachment":"zt3"},{"name":"jb06","bone":"all","attachment":"jb06"},{"name":"jb05","bone":"all3","attachment":"jb05"},{"name":"jb04","bone":"all4","attachment":"jb04"},{"name":"jb02","bone":"all6","attachment":"jb02"},{"name":"jb01","bone":"all5","attachment":"jb01"},{"name":"jb03","bone":"bone","attachment":"jb03"},{"name":"den3","bone":"all","attachment":"den3"},{"name":"den2","bone":"all","attachment":"den2"},{"name":"den1","bone":"all","attachment":"den1"},{"name":"x8","bone":"xx3","attachment":"x3","blend":"additive"},{"name":"x10","bone":"xx5","attachment":"x3","blend":"additive"},{"name":"x9","bone":"xx4","attachment":"x3","blend":"additive"},{"name":"particle/particle_0","bone":"lizi2","attachment":"particle/particle_014","blend":"additive"},{"name":"particle/particle_1","bone":"lizi3","attachment":"particle/particle_014","blend":"additive"},{"name":"particle/particle_3","bone":"lizi5","attachment":"particle/particle_014","blend":"additive"},{"name":"dg1","bone":"bone5","attachment":"dg1","blend":"additive"},{"name":"dg2","bone":"bone5","attachment":"dg1","blend":"additive"},{"name":"dg3","bone":"bone5","attachment":"dg1","blend":"additive"},{"name":"dg4","bone":"bone5","attachment":"dg1","blend":"additive"},{"name":"dg5","bone":"bone5","attachment":"dg1","blend":"additive"}],"skins":[{"name":"default","attachments":{"den1":{"den1":{"x":487.5,"y":283.5,"width":79,"height":33}},"den2":{"den2":{"x":580,"y":7.5,"width":36,"height":323}},"den3":{"den3":{"x":-164,"y":265,"width":250,"height":64}},"dg1":{"dg1":{"x":-0.88,"y":-1.03,"scaleX":1.266,"scaleY":1.266,"width":63,"height":63}},"dg2":{"dg1":{"x":97.93,"y":-34.35,"scaleX":1.266,"scaleY":1.266,"width":63,"height":63}},"dg3":{"dg1":{"x":730.45,"y":-1.29,"scaleX":1.266,"scaleY":1.266,"width":63,"height":63}},"dg4":{"dg1":{"x":819.26,"y":-197.3,"scaleX":1.266,"scaleY":1.266,"width":63,"height":63}},"dg5":{"dg1":{"x":821.54,"y":-360.84,"scaleX":1.266,"scaleY":1.266,"width":63,"height":63}},"jb01":{"jb01":{"x":-2.17,"y":-2.5,"rotation":-147.85,"width":81,"height":75}},"jb02":{"jb02":{"x":-5.58,"y":0.44,"rotation":-48.01,"width":80,"height":79}},"jb03":{"jb03":{"x":27.62,"y":4.95,"rotation":-110.96,"width":65,"height":79}},"jb04":{"jb04":{"x":-0.34,"y":-0.5,"width":90,"height":57}},"jb05":{"jb05":{"x":0.51,"y":1.64,"width":114,"height":69}},"jb06":{"jb06":{"x":-515,"y":-176,"width":80,"height":88}},"particle/particle_0":{"particle/particle_000":{"width":349,"height":244},"particle/particle_001":{"width":349,"height":244},"particle/particle_002":{"width":349,"height":244},"particle/particle_003":{"width":349,"height":244},"particle/particle_004":{"width":349,"height":244},"particle/particle_005":{"width":349,"height":244},"particle/particle_006":{"width":349,"height":244},"particle/particle_007":{"width":349,"height":244},"particle/particle_008":{"width":349,"height":244},"particle/particle_009":{"width":349,"height":244},"particle/particle_010":{"width":349,"height":244},"particle/particle_011":{"width":349,"height":244},"particle/particle_012":{"width":349,"height":244},"particle/particle_013":{"width":349,"height":244},"particle/particle_014":{"width":349,"height":244}},"particle/particle_1":{"particle/particle_000":{"width":349,"height":244},"particle/particle_001":{"width":349,"height":244},"particle/particle_002":{"width":349,"height":244},"particle/particle_003":{"width":349,"height":244},"particle/particle_004":{"width":349,"height":244},"particle/particle_005":{"width":349,"height":244},"particle/particle_006":{"width":349,"height":244},"particle/particle_007":{"width":349,"height":244},"particle/particle_008":{"width":349,"height":244},"particle/particle_009":{"width":349,"height":244},"particle/particle_010":{"width":349,"height":244},"particle/particle_011":{"width":349,"height":244},"particle/particle_012":{"width":349,"height":244},"particle/particle_013":{"width":349,"height":244},"particle/particle_014":{"width":349,"height":244}},"particle/particle_3":{"particle/particle_000":{"width":349,"height":244},"particle/particle_001":{"width":349,"height":244},"particle/particle_002":{"width":349,"height":244},"particle/particle_003":{"width":349,"height":244},"particle/particle_004":{"width":349,"height":244},"particle/particle_005":{"width":349,"height":244},"particle/particle_006":{"width":349,"height":244},"particle/particle_007":{"width":349,"height":244},"particle/particle_008":{"width":349,"height":244},"particle/particle_009":{"width":349,"height":244},"particle/particle_010":{"width":349,"height":244},"particle/particle_011":{"width":349,"height":244},"particle/particle_012":{"width":349,"height":244},"particle/particle_013":{"width":349,"height":244},"particle/particle_014":{"width":349,"height":244}},"x8":{"x3":{"x":-0.54,"y":0.83,"rotation":-124.43,"width":83,"height":82}},"x9":{"x3":{"x":-0.54,"y":0.83,"rotation":-124.43,"width":83,"height":82}},"x10":{"x3":{"x":-0.54,"y":0.83,"rotation":-124.43,"width":83,"height":82}},"zt3":{"zt3":{"type":"mesh","uvs":[0.95329,0,0.99999,0.07454,0.9781,0.14552,0.88365,0.20226,0.79156,0.21086,0.84055,0.29964,0.9779,0.42758,0.87224,0.63836,0.6824,0.60036,0.63849,0.50394,0.64212,0.39619,0.53592,0.53774,0.49859,0.6041,0.47855,0.77177,0.4574,0.94869,0.39586,1,0.28247,0.98988,0.1306,0.92305,0.05513,0.8332,0.06662,0.74896,0.20879,0.6959,0.34563,0.55846,0.40443,0.48976,0.49057,0.33968,0.52673,0.2365,0.36697,0.23834,0.10808,0.20789,1.0E-5,0.13841,0,0.07121,0.06158,0.00309,0.67656,0.33326,0.65126,0.22648],"triangles":[6,7,9,7,8,9,6,9,10,10,5,6,30,4,5,5,10,30,15,16,14,13,14,16,20,13,16,17,18,20,20,16,17,20,18,19,20,21,13,13,21,12,21,22,12,12,22,11,11,22,23,10,11,23,10,23,30,30,24,31,24,30,23,30,31,4,24,25,29,31,24,29,4,31,29,0,3,4,26,28,29,25,26,29,3,0,2,0,4,29,2,0,1,26,27,28],"vertices":[1,16,23.51,-34.5,1,1,16,17.25,-37.96,1,1,16,11.29,-36.34,1,1,16,6.52,-29.35,1,2,16,5.8,-22.54,0.49981,18,-4.21,4.49,0.50019,2,16,-1.66,-26.16,0.24888,18,4,5.67,0.75112,2,16,-12.4,-36.33,0.11983,18,17.33,12.09,0.88017,1,18,31.81,-0.75,1,2,17,-2.28,17.86,0.001,18,24.5,-13.16,0.999,3,16,-18.82,-11.21,0.00299,17,-8.03,11.3,0.02003,18,15.79,-13.79,0.97698,2,16,-9.77,-11.48,0.49401,18,7.25,-10.78,0.50599,2,16,-21.66,-3.62,0.40733,17,-2.06,5.82,0.59267,2,16,-27.23,-0.86,0.25725,17,4.16,5.88,0.74275,2,16,-41.32,0.63,0.12245,17,17.39,10.94,0.87755,1,17,31.35,16.28,1,1,17,37.25,14.17,1,1,17,40.3,6.3,1,1,17,40.38,-6.26,1,1,17,36.19,-14.66,1,1,17,29.49,-17.11,1,2,16,-34.94,20.59,0.18005,17,20.75,-9.75,0.81995,2,16,-23.4,10.46,0.36772,17,5.87,-5.95,0.63228,2,16,-17.63,6.11,0.56771,17,-1.24,-4.68,0.43229,2,16,-5.02,-0.26,0.78005,17,-15.37,-4.71,0.21995,1,16,3.65,-2.94,1,1,16,3.49,8.88,1,1,16,6.05,28.04,1,1,16,11.89,36.04,1,1,16,17.53,36.04,1,1,16,23.25,31.48,1,2,16,-4.48,-14.03,0.6856,18,2.99,-6.75,0.3144,3,16,4.49,-12.15,0.76121,17,-29.23,1.58,0.00424,18,-6.12,-5.8,0.23455],"hull":30,"edges":[0,2,22,24,28,30,30,32,32,34,34,36,36,38,38,40,52,54,54,56,56,58,2,4,4,6,6,8,8,10,12,14,10,12,14,16,16,18,18,20,20,22,40,42,42,44,48,50,44,46,46,48,58,0,50,52,24,26,26,28,20,60,60,62],"width":74,"height":84}},"zt6":{"zt6":{"type":"mesh","uvs":[0.92203,0.10887,0.80266,0.20954,0.73026,0.26675,0.87228,0.38794,0.98273,0.55534,0.9711,0.76903,0.83332,0.93753,0.57527,0.99189,0.30052,0.98551,0.07214,0.87187,1.0E-5,0.6903,0.04329,0.48048,0.13373,0.37319,0.27038,0.26804,0.19459,0.22088,0.12548,0.13573,0.33864,0.01394,0.7185,0.01956,0.41287,0.28809,0.62105,0.29428,0.3032,0.47242,0.73258,0.46312,0.25301,0.71406,0.76604,0.72646,0.51138,0.75744],"triangles":[8,24,7,7,23,6,7,24,23,9,22,8,8,22,24,6,23,5,9,10,22,5,23,4,22,20,24,24,20,21,24,21,23,19,20,18,20,19,21,23,21,4,10,11,22,22,11,20,21,3,4,11,12,20,12,13,20,20,13,18,19,2,21,21,2,3,2,19,17,13,16,18,17,19,16,19,18,16,13,14,16,2,17,1,14,15,16,1,17,0],"vertices":[1,16,47.3,-71.71,1,2,11,137.59,-55.83,0.00642,16,26.77,-51.41,0.99358,2,11,125.92,-43.52,0.08034,16,15.1,-39.11,0.91966,2,11,101.2,-67.67,0.48379,16,-9.63,-63.25,0.51621,2,11,67.05,-86.44,0.78246,16,-43.78,-82.02,0.21754,2,11,23.46,-84.46,0.94554,16,-87.37,-80.05,0.05446,2,11,-10.92,-61.04,0.99651,16,-121.74,-56.62,0.00349,1,11,-22.01,-17.17,1,1,11,-20.71,29.53,1,1,11,2.48,68.36,1,2,11,39.52,80.62,0.9806,16,-71.31,85.04,0.0194,2,11,82.32,73.26,0.82147,16,-28.51,77.68,0.17853,2,11,104.21,57.89,0.59916,16,-6.62,62.3,0.40084,2,11,125.66,34.66,0.12718,16,14.83,39.08,0.87282,2,11,135.28,47.54,0.01842,16,24.45,51.96,0.98158,1,16,41.82,63.71,1,1,16,66.67,27.47,1,1,16,65.52,-37.11,1,2,11,121.57,10.43,0.04509,16,10.74,14.85,0.95491,2,11,120.31,-24.96,0.04915,16,9.48,-20.54,0.95085,2,11,83.97,29.08,0.70634,16,-26.86,33.5,0.29366,2,11,85.86,-43.92,0.55216,16,-24.96,-39.5,0.44784,2,11,34.67,37.61,0.99651,16,-76.16,42.03,0.00349,2,11,32.14,-49.61,0.95564,16,-78.68,-45.19,0.04436,1,11,25.82,-6.31,1],"hull":18,"edges":[0,34,0,2,2,4,8,10,10,12,12,14,14,16,16,18,18,20,26,28,28,30,30,32,32,34,4,6,6,8,22,24,24,26,20,22],"width":170,"height":204}},"zt7":{"zt7":{"x":-397,"y":-167,"width":224,"height":94}}}}],"animations":{"animation":{"slots":{"dg1":{"color":[{"color":"ffffff00"},{"time":0.3333,"color":"ffffffff"},{"time":1.3333,"color":"ffffff00"}]},"dg2":{"color":[{"color":"ffffff00","curve":"stepped"},{"time":0.3333,"color":"ffffff00"},{"time":0.6667,"color":"ffffffff"},{"time":1.6667,"color":"ffffff00"}]},"dg3":{"color":[{"color":"ffffff00","curve":"stepped"},{"time":0.6667,"color":"ffffff00"},{"time":1,"color":"ffffffff"},{"time":2,"color":"ffffff00"}]},"dg4":{"color":[{"color":"ffffff00","curve":"stepped"},{"time":1,"color":"ffffff00"},{"time":1.3333,"color":"ffffffff"},{"time":2.3333,"color":"ffffff00"}]},"dg5":{"color":[{"color":"ffffff00","curve":"stepped"},{"time":1.3333,"color":"ffffff00"},{"time":1.6667,"color":"ffffffff"},{"time":2.6667,"color":"ffffff00"}]},"particle/particle_0":{"attachment":[{"name":"particle/particle_000"},{"time":0.0667,"name":"particle/particle_001"},{"time":0.1333,"name":"particle/particle_002"},{"time":0.2,"name":"particle/particle_003"},{"time":0.2667,"name":"particle/particle_004"},{"time":0.3333,"name":"particle/particle_005"},{"time":0.4,"name":"particle/particle_006"},{"time":0.4667,"name":"particle/particle_007"},{"time":0.5333,"name":"particle/particle_008"},{"time":0.6,"name":"particle/particle_009"},{"time":0.6667,"name":"particle/particle_010"},{"time":0.7333,"name":"particle/particle_011"},{"time":0.8,"name":"particle/particle_012"},{"time":0.8667,"name":"particle/particle_013"},{"time":0.9333,"name":"particle/particle_014"},{"time":1,"name":"particle/particle_000"},{"time":1.0667,"name":"particle/particle_001"},{"time":1.1333,"name":"particle/particle_002"},{"time":1.2,"name":"particle/particle_003"},{"time":1.2667,"name":"particle/particle_004"},{"time":1.3333,"name":"particle/particle_005"},{"time":1.4,"name":"particle/particle_006"},{"time":1.4667,"name":"particle/particle_007"},{"time":1.5333,"name":"particle/particle_008"},{"time":1.6,"name":"particle/particle_009"},{"time":1.6667,"name":"particle/particle_010"},{"time":1.7333,"name":"particle/particle_011"},{"time":1.8,"name":"particle/particle_012"},{"time":1.8667,"name":"particle/particle_013"},{"time":1.9333,"name":"particle/particle_014"},{"time":2,"name":"particle/particle_000"},{"time":2.0667,"name":"particle/particle_001"},{"time":2.1333,"name":"particle/particle_002"},{"time":2.2,"name":"particle/particle_003"},{"time":2.2667,"name":"particle/particle_004"},{"time":2.3333,"name":"particle/particle_005"},{"time":2.4,"name":"particle/particle_006"},{"time":2.4667,"name":"particle/particle_007"},{"time":2.5333,"name":"particle/particle_008"},{"time":2.6,"name":"particle/particle_009"},{"time":2.6667,"name":"particle/particle_010"},{"time":2.7333,"name":"particle/particle_011"},{"time":2.8,"name":"particle/particle_012"},{"time":2.8667,"name":"particle/particle_013"},{"time":2.9333,"name":"particle/particle_014"}]},"particle/particle_1":{"attachment":[{"name":"particle/particle_000"},{"time":0.0667,"name":"particle/particle_001"},{"time":0.1333,"name":"particle/particle_002"},{"time":0.2,"name":"particle/particle_003"},{"time":0.2667,"name":"particle/particle_004"},{"time":0.3333,"name":"particle/particle_005"},{"time":0.4,"name":"particle/particle_006"},{"time":0.4667,"name":"particle/particle_007"},{"time":0.5333,"name":"particle/particle_008"},{"time":0.6,"name":"particle/particle_009"},{"time":0.6667,"name":"particle/particle_010"},{"time":0.7333,"name":"particle/particle_011"},{"time":0.8,"name":"particle/particle_012"},{"time":0.8667,"name":"particle/particle_013"},{"time":0.9333,"name":"particle/particle_014"},{"time":1,"name":"particle/particle_000"},{"time":1.0667,"name":"particle/particle_001"},{"time":1.1333,"name":"particle/particle_002"},{"time":1.2,"name":"particle/particle_003"},{"time":1.2667,"name":"particle/particle_004"},{"time":1.3333,"name":"particle/particle_005"},{"time":1.4,"name":"particle/particle_006"},{"time":1.4667,"name":"particle/particle_007"},{"time":1.5333,"name":"particle/particle_008"},{"time":1.6,"name":"particle/particle_009"},{"time":1.6667,"name":"particle/particle_010"},{"time":1.7333,"name":"particle/particle_011"},{"time":1.8,"name":"particle/particle_012"},{"time":1.8667,"name":"particle/particle_013"},{"time":1.9333,"name":"particle/particle_014"},{"time":2,"name":"particle/particle_000"},{"time":2.0667,"name":"particle/particle_001"},{"time":2.1333,"name":"particle/particle_002"},{"time":2.2,"name":"particle/particle_003"},{"time":2.2667,"name":"particle/particle_004"},{"time":2.3333,"name":"particle/particle_005"},{"time":2.4,"name":"particle/particle_006"},{"time":2.4667,"name":"particle/particle_007"},{"time":2.5333,"name":"particle/particle_008"},{"time":2.6,"name":"particle/particle_009"},{"time":2.6667,"name":"particle/particle_010"},{"time":2.7333,"name":"particle/particle_011"},{"time":2.8,"name":"particle/particle_012"},{"time":2.8667,"name":"particle/particle_013"},{"time":2.9333,"name":"particle/particle_014"}]},"particle/particle_3":{"attachment":[{"name":"particle/particle_000"},{"time":0.0667,"name":"particle/particle_001"},{"time":0.1333,"name":"particle/particle_002"},{"time":0.2,"name":"particle/particle_003"},{"time":0.2667,"name":"particle/particle_004"},{"time":0.3333,"name":"particle/particle_005"},{"time":0.4,"name":"particle/particle_006"},{"time":0.4667,"name":"particle/particle_007"},{"time":0.5333,"name":"particle/particle_008"},{"time":0.6,"name":"particle/particle_009"},{"time":0.6667,"name":"particle/particle_010"},{"time":0.7333,"name":"particle/particle_011"},{"time":0.8,"name":"particle/particle_012"},{"time":0.8667,"name":"particle/particle_013"},{"time":0.9333,"name":"particle/particle_014"},{"time":1,"name":"particle/particle_000"},{"time":1.0667,"name":"particle/particle_001"},{"time":1.1333,"name":"particle/particle_002"},{"time":1.2,"name":"particle/particle_003"},{"time":1.2667,"name":"particle/particle_004"},{"time":1.3333,"name":"particle/particle_005"},{"time":1.4,"name":"particle/particle_006"},{"time":1.4667,"name":"particle/particle_007"},{"time":1.5333,"name":"particle/particle_008"},{"time":1.6,"name":"particle/particle_009"},{"time":1.6667,"name":"particle/particle_010"},{"time":1.7333,"name":"particle/particle_011"},{"time":1.8,"name":"particle/particle_012"},{"time":1.8667,"name":"particle/particle_013"},{"time":1.9333,"name":"particle/particle_014"},{"time":2,"name":"particle/particle_000"},{"time":2.0667,"name":"particle/particle_001"},{"time":2.1333,"name":"particle/particle_002"},{"time":2.2,"name":"particle/particle_003"},{"time":2.2667,"name":"particle/particle_004"},{"time":2.3333,"name":"particle/particle_005"},{"time":2.4,"name":"particle/particle_006"},{"time":2.4667,"name":"particle/particle_007"},{"time":2.5333,"name":"particle/particle_008"},{"time":2.6,"name":"particle/particle_009"},{"time":2.6667,"name":"particle/particle_010"},{"time":2.7333,"name":"particle/particle_011"},{"time":2.8,"name":"particle/particle_012"},{"time":2.8667,"name":"particle/particle_013"},{"time":2.9333,"name":"particle/particle_014"}]},"x8":{"color":[{"color":"ffffff00","curve":"stepped"},{"time":0.1333,"color":"ffffff00"},{"time":0.4,"color":"ffffffff"},{"time":1.2667,"color":"ffffff00","curve":"stepped"},{"time":1.5333,"color":"ffffff00"},{"time":1.8333,"color":"ffffffff"},{"time":2.8,"color":"ffffff00"}]},"x9":{"color":[{"color":"ffffff00","curve":"stepped"},{"time":0.3333,"color":"ffffff00"},{"time":0.6,"color":"ffffffff"},{"time":1.4667,"color":"ffffff00","curve":"stepped"},{"time":1.7333,"color":"ffffff00"},{"time":2,"color":"ffffffff"},{"time":2.8667,"color":"ffffff00"}]},"x10":{"color":[{"color":"ffffff00","curve":"stepped"},{"time":0.5667,"color":"ffffff00"},{"time":0.9667,"color":"ffffffff"},{"time":2.2667,"color":"ffffff00"}]}},"bones":{"xx5":{"rotate":[{},{"time":2.8,"angle":-63.72}],"translate":[{"x":-146.33,"y":-52.07,"curve":"stepped"},{"time":0.5667,"x":-146.33,"y":-52.07}],"scale":[{"x":0.344,"y":0.344,"curve":"stepped"},{"time":0.5667,"x":0.344,"y":0.344},{"time":0.9667,"x":1.282,"y":1.282},{"time":2.2667,"x":0.551,"y":0.551}]},"xx3":{"rotate":[{},{"time":2.8,"angle":-63.72}],"translate":[{"x":-95.93,"y":-110.79,"curve":"stepped"},{"time":0.1333,"x":-95.93,"y":-110.79,"curve":"stepped"},{"time":1.5333,"x":-270.05,"y":-39.19}],"scale":[{"x":0.344,"y":0.344,"curve":"stepped"},{"time":0.1333,"x":0.344,"y":0.344},{"time":0.4,"x":1.282,"y":1.282},{"time":1.2667,"x":0.551,"y":0.551,"curve":"stepped"},{"time":1.5333,"x":0.344,"y":0.344},{"time":1.8333,"x":0.822,"y":0.822},{"time":2.8,"x":0.551,"y":0.551}]},"xx4":{"rotate":[{},{"time":2.8667,"angle":-63.72}],"translate":[{"x":-356.79,"y":-181.21,"curve":"stepped"},{"time":0.3333,"x":-330.41,"y":-150.18,"curve":"stepped"},{"time":1.7333,"x":-118.37,"y":-84.14}],"scale":[{"x":0.344,"y":0.344,"curve":"stepped"},{"time":0.3333,"x":0.344,"y":0.344},{"time":0.6,"x":1.176,"y":1.176},{"time":1.4667,"x":0.551,"y":0.551,"curve":"stepped"},{"time":1.7333,"x":0.344,"y":0.344},{"time":2,"x":0.818,"y":0.818},{"time":2.8667,"x":0.551,"y":0.551}]},"all2":{"scale":[{"curve":0.25,"c3":0.75},{"time":1.5,"x":1.075,"y":1.075,"curve":0.25,"c3":0.75},{"time":3}]},"all3":{"scale":[{"curve":0.25,"c3":0.75},{"time":1.4333,"x":1.075,"y":1.075,"curve":0.25,"c3":0.75},{"time":3}]},"all4":{"scale":[{"curve":0.25,"c3":0.75},{"time":1.4667,"x":1.075,"y":1.075,"curve":0.25,"c3":0.75},{"time":3}]},"all6":{"translate":[{"curve":0.25,"c3":0.75},{"time":1.6667,"x":11.75,"y":13.05,"curve":0.25,"c3":0.75},{"time":3}]},"all5":{"translate":[{"curve":0.25,"c3":0.75},{"time":1.6667,"x":-14.87,"y":9.35,"curve":0.25,"c3":0.75},{"time":3}]},"all7":{"translate":[{"curve":0.219,"c2":0.26,"c3":0.75},{"time":0.6667,"x":-6.05,"curve":0.25,"c3":0.75},{"time":2,"x":3.95,"curve":0.25,"c3":0.872,"c4":0.76},{"time":3}]},"all8":{"rotate":[{"curve":0.174,"c2":0.21,"c3":0.75},{"time":0.5,"angle":6.57,"curve":0.25,"c3":0.75},{"time":2.1333,"angle":-21.21,"curve":0.25,"c3":0.857,"c4":0.76},{"time":3}]},"all9":{"rotate":[{"curve":0.174,"c2":0.21,"c3":0.75},{"time":0.5,"angle":6.57,"curve":0.252,"c3":0.622,"c4":0.49},{"time":1.8333,"angle":-6.19,"curve":0.372,"c2":0.48,"c3":0.752},{"time":3}]},"bone":{"rotate":[{"curve":0.25,"c3":0.75},{"time":1.5,"angle":-5.72,"curve":0.25,"c3":0.75},{"time":3}]}}}}}